{
  "project_info": {
    "project_number": "200989359492",
    "firebase_url": "https://engage-7fbc4.firebaseio.com",
    "project_id": "engage-7fbc4",
    "storage_bucket": "engage-7fbc4.appspot.com"
  },
  "client": [
    {
      "client_info": {
        "mobilesdk_app_id": "1:200989359492:android:fe8c9d10703244bc",
        "android_client_info": {
          "package_name": "com.mao.engage"
        }
      },
      "oauth_client": [
        {
          "client_id": "200989359492-l5varc8eb20g5srjfjcjpj8d090vvcr2.apps.googleusercontent.com",
          "client_type": 1,
          "android_info": {
            "package_name": "com.mao.engage",
            "certificate_hash": "e2582209c8004967f0dc77687221fb6479472fbc"
          }
        },
        {
          "client_id": "200989359492-rsn2ru6rluph8jh87sjeth18loumr5g5.apps.googleusercontent.com",
          "client_type": 3
        }
      ],
      "api_key": [
        {
          "current_key": "AIzaSyCTqRsUSzK_rcrrk_vZ03H_dE-hIUwCbaY"
        }
      ],
      "services": {
        "analytics_service": {
          "status": 1
        },
        "appinvite_service": {
          "status": 2,
          "other_platform_oauth_client": [
            {
              "client_id": "200989359492-rsn2ru6rluph8jh87sjeth18loumr5g5.apps.googleusercontent.com",
              "client_type": 3
            }
          ]
        },
        "ads_service": {
          "status": 2
        }
      }
    }
  ],
  "configuration_version": "1"
}